{"part":"A","stepID":"diverge-plain-0","metaphor":"diverge","style":"plain","refdata":[{"x":0,"y":90.32529576399743},{"x":10,"y":84.09171459444148},{"x":20,"y":85.50648751683781},{"x":30,"y":76.89372335562872},{"x":40,"y":80.88697944053312},{"x":50,"y":76.2780902956906},{"x":60,"y":83.4158055761076},{"x":70,"y":77.62999918222386},{"x":80,"y":65.69980690317358},{"x":90,"y":73.88544594099284},{"x":100,"y":76.32557274208985}],"focusdata":[{"x":0,"y":79.55059544278592},{"x":10,"y":76.00107608330497},{"x":20,"y":65.39929538702383},{"x":30,"y":56.40367184829866},{"x":40,"y":50.67537086864401},{"x":50,"y":52.764476754729316},{"x":60,"y":38.7233359722138},{"x":70,"y":42.36542552574926},{"x":80,"y":26.2747342066302},{"x":90,"y":18.54679560198729},{"x":100,"y":7.342826098519335}],"id":"184f7f","time":89024,"step":0,"answer":"Product A is showing a massive decline in sales from 2010 until 2020 Where as Product B has declined from 2010 until 2018 but then began to recover back."}
{"part":"A","stepID":"converge-animate-2","metaphor":"converge","style":"animate","refdata":[{"x":0,"y":70.03685966261247},{"x":10,"y":59.37331599110037},{"x":20,"y":58.28641609110996},{"x":30,"y":70.69790662170735},{"x":40,"y":78.3040911504279},{"x":50,"y":80.73737888952408},{"x":60,"y":83.15693572193305},{"x":70,"y":83.25109529075198},{"x":80,"y":80.14739688831307},{"x":90,"y":90.87122930693188},{"x":100,"y":90.56912757973024}],"focusdata":[{"x":0,"y":4.051993583937392},{"x":10,"y":32.802305939751015},{"x":20,"y":25.437738190864053},{"x":30,"y":28.318599952951782},{"x":40,"y":36.30816476096123},{"x":50,"y":54.65900488425902},{"x":60,"y":57.47557218484695},{"x":70,"y":56.640671776311706},{"x":80,"y":64.95411480451013},{"x":90,"y":74.93567234645178},{"x":100,"y":84.01140277087946}],"id":"184f7f","time":139748,"step":1,"answer":"Product A is showing a massive increase in sales as of 2010 until 2020 although it has had a couple of price dips along the way. The price dip happened between 2011 and 2012 from there it went up "}
{"part":"A","stepID":"cross-plain-0","metaphor":"cross","style":"plain","refdata":[{"x":0,"y":62.438699690856},{"x":10,"y":66.45143084963047},{"x":20,"y":69.81632254062839},{"x":30,"y":76.98636258130799},{"x":40,"y":59.34936116376445},{"x":50,"y":76.3723674440333},{"x":60,"y":64.8256885458754},{"x":70,"y":65.93120743015876},{"x":80,"y":74.75370843186066},{"x":90,"y":68.89208976281651},{"x":100,"y":69.49815327087128}],"focusdata":[{"x":0,"y":18.828964766988975},{"x":10,"y":32.72843599668261},{"x":20,"y":37.42142456607268},{"x":30,"y":43.58701176181869},{"x":40,"y":34.54261044730025},{"x":50,"y":52.77658287704396},{"x":60,"y":53.92376045319763},{"x":70,"y":55.761650749803984},{"x":80,"y":64.2755877154858},{"x":90,"y":78.558387973285},{"x":100,"y":84.39144089777682}],"id":"184f7f","time":92853,"step":2,"answer":"Product A has been increasing in sales but it has experienced a slight decrease in price between 2013 and 2014 from there it increased drastically in price. "}
{"part":"A","stepID":"converge-plain-0","metaphor":"converge","style":"plain","refdata":[{"x":0,"y":57.01172513652678},{"x":10,"y":69.91290723780534},{"x":20,"y":73.02057492056608},{"x":30,"y":69.85184114873617},{"x":40,"y":68.4590465306592},{"x":50,"y":78.72614981643305},{"x":60,"y":74.03439354393642},{"x":70,"y":80.73918653904923},{"x":80,"y":80.30847802933165},{"x":90,"y":90.73446854602308},{"x":100,"y":89.80646814639414}],"focusdata":[{"x":0,"y":1.8027466944672526},{"x":10,"y":18.738596619949384},{"x":20,"y":37.118085997488585},{"x":30,"y":36.31403471282062},{"x":40,"y":37.58784019350164},{"x":50,"y":48.81538610407968},{"x":60,"y":52.05304671331426},{"x":70,"y":63.49738224190757},{"x":80,"y":71.75282060372949},{"x":90,"y":77.46226828268165},{"x":100,"y":81.49846698925784}],"id":"184f7f","time":127322,"step":3,"answer":"Product A has had an increase in sales although between 2012 and 2014 the sales were stagnant and didnt move much but as from 2015 the sales of Product A increased drastically."}
{"part":"A","stepID":"diverge-arrow-1","metaphor":"diverge","style":"arrow","refdata":[{"x":0,"y":91.22668097615605},{"x":10,"y":89.05417965754675},{"x":20,"y":85.79339384670581},{"x":30,"y":83.48747903866608},{"x":40,"y":81.08689446708479},{"x":50,"y":78.07968058596364},{"x":60,"y":80.6855217569172},{"x":70,"y":78.78363336977311},{"x":80,"y":62.32454608636762},{"x":90,"y":78.41262636917823},{"x":100,"y":79.1413835392637}],"focusdata":[{"x":0,"y":83.48557018873292},{"x":10,"y":78.52024226905202},{"x":20,"y":66.77248249566979},{"x":30,"y":56.589417048530564},{"x":40,"y":50.973087064178856},{"x":50,"y":52.169603924044175},{"x":60,"y":33.00768253128079},{"x":70,"y":45.26642160441815},{"x":80,"y":16.276723690527767},{"x":90,"y":28.81747196303039},{"x":100,"y":23.819791204852937}],"id":"184f7f","time":227316,"step":4,"answer":"The sales on Product A has decreased from 2010 until 2020. The year 2018 expereinced the most decline in sales from other years. by looking at the behaviour of the chart you can tell that the year 2021 will also experience a decline in sales"}
{"stepID":"cross-animate-2","metaphor":"cross","style":"animate","refdata":[{"x":0,"y":51.67408139745791},{"x":10,"y":57.9259867006087},{"x":20,"y":70.26215621058886},{"x":30,"y":57.17917018298143},{"x":40,"y":73.09025594543652},{"x":50,"y":69.96438244533574},{"x":60,"y":74.7778475973615},{"x":70,"y":71.500153748395},{"x":80,"y":66.77139977659523},{"x":90,"y":69.14497188930316},{"x":100,"y":73.3395984236213}],"focusdata":[{"x":0,"y":18.30847712175718},{"x":10,"y":21.91049793078824},{"x":20,"y":40.29940738238877},{"x":30,"y":39.33269144396801},{"x":40,"y":32.93806245723163},{"x":50,"y":56.092354713796674},{"x":60,"y":56.87845908445734},{"x":70,"y":64.95374722824572},{"x":80,"y":71.888338108698},{"x":90,"y":76.74503008618349},{"x":100,"y":79.7787188478551}],"id":"184f7f","time":128914,"part":"A","step":5,"answer":"Product A has experience a massive growth in sales it has even performed better than Product B. Between 2010 and 2016 Product A seems to have had a similar behaviour with Product B but Product A having way less sales."}
{"part":"A","stepID":"cross-arrow-1","metaphor":"cross","style":"arrow","refdata":[{"x":0,"y":69.43149981413646},{"x":10,"y":63.30825786990499},{"x":20,"y":72.13678282882847},{"x":30,"y":71.44106104925753},{"x":40,"y":75.54657580445073},{"x":50,"y":65.15825199214295},{"x":60,"y":72.49044358135045},{"x":70,"y":74.40895219085941},{"x":80,"y":71.09295109175405},{"x":90,"y":68.90385311991044},{"x":100,"y":71.13111140849149}],"focusdata":[{"x":0,"y":25.623994145332812},{"x":10,"y":8.668524117695345},{"x":20,"y":18.81710030511246},{"x":30,"y":40.26375915893694},{"x":40,"y":42.867640995022214},{"x":50,"y":45.14600917814315},{"x":60,"y":50.52975407696646},{"x":70,"y":65.79924733828605},{"x":80,"y":63.739304119509576},{"x":90,"y":78.65918092536161},{"x":100,"y":81.75166987659586}],"id":"184f7f","time":91467,"step":6,"answer":"Product A shows a massive groeth in sales,between 2010 and 2011 it expereinced a massive decline in sales but as of 2012 it recovered and went as far as out performing product B."}
{"part":"A","stepID":"diverge-animate-2","metaphor":"diverge","style":"animate","refdata":[{"x":0,"y":89.26542094335177},{"x":10,"y":84.96444696058617},{"x":20,"y":83.92521518152695},{"x":30,"y":83.203233986379},{"x":40,"y":73.68134207036074},{"x":50,"y":71.87147518953184},{"x":60,"y":77.52600813299718},{"x":70,"y":62.876360172613005},{"x":80,"y":65.73144268790034},{"x":90,"y":69.72449532892335},{"x":100,"y":72.10850315093137}],"focusdata":[{"x":0,"y":82.46636149622535},{"x":10,"y":76.4540141611025},{"x":20,"y":73.3959404085019},{"x":30,"y":55.925100867537196},{"x":40,"y":52.30252112339156},{"x":50,"y":55.44212592070493},{"x":60,"y":36.248047461634656},{"x":70,"y":25.23088802331761},{"x":80,"y":32.130065062919726},{"x":90,"y":26.052994084298263},{"x":100,"y":24.72974294868883}],"id":"184f7f","time":170950,"step":7,"answer":"Product A has shown a massive decline in price as of 2010 until 2020. the biggest decline it expereience was in 2017. Product A shows abit of recovery in 2018 but declined again in 2019"}
{"stepID":"cross-animate-2","metaphor":"cross","style":"animate","refdata":[{"x":0,"y":55.64313928117539},{"x":10,"y":57.50476854469593},{"x":20,"y":67.61456441407712},{"x":30,"y":65.68951706613248},{"x":40,"y":65.21639224786026},{"x":50,"y":74.13001530021616},{"x":60,"y":66.52142747930127},{"x":70,"y":68.141725567734},{"x":80,"y":70.96607510560956},{"x":90,"y":67.62618926107334},{"x":100,"y":69.62106964912392}],"focusdata":[{"x":0,"y":6.155469123673836},{"x":10,"y":31.881490390173617},{"x":20,"y":38.304639889619516},{"x":30,"y":43.86852366666265},{"x":40,"y":42.29895946410763},{"x":50,"y":55.91684749648785},{"x":60,"y":59.68362097013019},{"x":70,"y":58.32727105946855},{"x":80,"y":64.10760786269795},{"x":90,"y":73.87180663128369},{"x":100,"y":80.5295174476841}],"id":"184f7f","time":28513,"part":"B","step":3,"userdata":[{"x":0,"y":6.9823281024003565},{"x":10,"y":23.041682737921178},{"x":20,"y":42.59220142464217},{"x":30,"y":45.617876935682325},{"x":40,"y":42.59220142464217},{"x":50,"y":52.13471649792265},{"x":60,"y":65.16839562240332},{"x":70,"y":59.11704460032301},{"x":80,"y":65.86662843264335},{"x":90,"y":71.91797945472366},{"x":100,"y":77.50384193664395}]}
{"part":"B","stepID":"converge-animate-0","metaphor":"converge","style":"animate","refdata":[{"x":0,"y":75.34384441348774},{"x":10,"y":79.233350171622},{"x":20,"y":68.20435156992279},{"x":30,"y":73.22508625165898},{"x":40,"y":72.88473223534433},{"x":50,"y":85.41941591465363},{"x":60,"y":85.28511758217624},{"x":70,"y":82.30019810649418},{"x":80,"y":82.2268336772434},{"x":90,"y":90.91949500990228},{"x":100,"y":87.39756498447615}],"focusdata":[{"x":0,"y":6.695760661032189},{"x":10,"y":18.451762902701844},{"x":20,"y":34.886653172993626},{"x":30,"y":25.233284132597298},{"x":40,"y":33.030582333954754},{"x":50,"y":40.384449489158726},{"x":60,"y":52.06626153177689},{"x":70,"y":66.16355436730025},{"x":80,"y":66.73707631101627},{"x":90,"y":77.58366099040595},{"x":100,"y":83.20558596280233}],"id":"184f7f","time":23678,"step":4,"userdata":[{"x":0,"y":11.03647049253149},{"x":10,"y":23.649579626853196},{"x":20,"y":35.999915654209865},{"x":30,"y":26.540083803468583},{"x":40,"y":32.846638370629435},{"x":50,"y":45.196974397986104},{"x":60,"y":52.55462139300709},{"x":70,"y":63.32831877857355},{"x":80,"y":76.72974723379036},{"x":90,"y":84.87571354970646},{"x":100,"y":95.12386472134284}]}
{"part":"B","stepID":"cross-arrow-0","metaphor":"cross","style":"arrow","refdata":[{"x":0,"y":71.09377320488221},{"x":10,"y":68.3685996307259},{"x":20,"y":66.03453980337656},{"x":30,"y":56.66702226014776},{"x":40,"y":58.563520628821294},{"x":50,"y":75.79797515354407},{"x":60,"y":62.708934155872285},{"x":70,"y":73.97446067188332},{"x":80,"y":66.97412030265619},{"x":90,"y":67.92121860160086},{"x":100,"y":74.17256376291874}],"focusdata":[{"x":0,"y":7.1938197348793835},{"x":10,"y":18.149441481042732},{"x":20,"y":30.080462572766223},{"x":30,"y":33.44033491045058},{"x":40,"y":47.003419521435},{"x":50,"y":54.270082299004},{"x":60,"y":51.97022953888303},{"x":70,"y":64.74057661089155},{"x":80,"y":72.59220771680744},{"x":90,"y":77.04475617279031},{"x":100,"y":83.21174817095357}],"id":"184f7f","time":22495,"step":5,"userdata":[{"x":0,"y":9.860351661875999},{"x":10,"y":20.20169608774595},{"x":20,"y":29.82155136762498},{"x":30,"y":22.125667143721756},{"x":40,"y":40.162895793494926},{"x":50,"y":51.466225747352794},{"x":60,"y":58.92161358925903},{"x":70,"y":55.55466424130137},{"x":80,"y":68.54146886913806},{"x":90,"y":74.79437480105942},{"x":100,"y":83.69274093494752}]}
{"part":"B","stepID":"converge-arrow-2","metaphor":"converge","style":"arrow","refdata":[{"x":0,"y":71.47194284502032},{"x":10,"y":73.61304593121461},{"x":20,"y":75.95817401477532},{"x":30,"y":61.99311367808884},{"x":40,"y":77.80875520140117},{"x":50,"y":81.20955083652923},{"x":60,"y":87.18804626346993},{"x":70,"y":85.02632201858225},{"x":80,"y":85.59919488394425},{"x":90,"y":90.52829283546325},{"x":100,"y":87.92416428763275}],"focusdata":[{"x":0,"y":9.596696194678568},{"x":10,"y":29.5668341864471},{"x":20,"y":34.59957637803992},{"x":30,"y":34.63240040406495},{"x":40,"y":36.36437861131337},{"x":50,"y":40.67424866277811},{"x":60,"y":51.78482422026126},{"x":70,"y":66.40410787522057},{"x":80,"y":70.01379483791293},{"x":90,"y":77.3731414747718},{"x":100,"y":81.59210954947935}],"id":"184f7f","time":14018,"step":7,"userdata":[{"x":0,"y":40.29293958572642},{"x":10,"y":34.798447824036444},{"x":20,"y":36.36830261309073},{"x":30,"y":36.36830261309073},{"x":40,"y":37.67651493730263},{"x":50,"y":39.50801219119928},{"x":60,"y":47.88057106615542},{"x":70,"y":51.80520803879111},{"x":80,"y":60.43940937858962},{"x":90,"y":74.56810248007811},{"x":100,"y":91.05157776514801}]}
{"part":"B","stepID":"converge-plain-0","metaphor":"converge","style":"plain","refdata":[{"x":0,"y":79.77378307018245},{"x":10,"y":68.87033260591969},{"x":20,"y":59.58507141449166},{"x":30,"y":82.91989888522797},{"x":40,"y":73.0439559191176},{"x":50,"y":85.00259267081714},{"x":60,"y":76.70696386718846},{"x":70,"y":87.87015517750332},{"x":80,"y":86.32895635571633},{"x":90,"y":90.9677521018304},{"x":100,"y":88.75275625840368}],"focusdata":[{"x":0,"y":15.93050718506986},{"x":10,"y":33.02772533764003},{"x":20,"y":38.30991412737716},{"x":30,"y":26.78134824007859},{"x":40,"y":44.827563482196226},{"x":50,"y":54.4529810962999},{"x":60,"y":52.68547064877146},{"x":70,"y":66.23728311059304},{"x":80,"y":69.24075737519405},{"x":90,"y":73.35146167594216},{"x":100,"y":80.71830689628256}],"id":"184f7f","time":19825,"step":8,"userdata":[{"x":0,"y":22.61048173629311},{"x":10,"y":27.605820724543907},{"x":20,"y":31.549509399478755},{"x":30,"y":24.450869784596033},{"x":40,"y":37.859411279374505},{"x":50,"y":44.95805089425721},{"x":60,"y":53.108340822455894},{"x":70,"y":59.41824270235164},{"x":80,"y":68.09435778720831},{"x":90,"y":75.71882255874901},{"x":100,"y":92.01940241514637}]}
{"part":"B","stepID":"converge-arrow-1","metaphor":"converge","style":"arrow","refdata":[{"x":0,"y":51.447812146060556},{"x":10,"y":76.19149135893292},{"x":20,"y":64.92778300805831},{"x":30,"y":78.38977758712376},{"x":40,"y":65.61056889301283},{"x":50,"y":83.78685503859407},{"x":60,"y":74.19112065812494},{"x":70,"y":87.87563405258182},{"x":80,"y":82.31561130521581},{"x":90,"y":90.96917590694781},{"x":100,"y":90.50757449806036}],"focusdata":[{"x":0,"y":10.649188951900033},{"x":10,"y":17.170754931020056},{"x":20,"y":24.383499660868168},{"x":30,"y":38.935952453272705},{"x":40,"y":33.092353327937985},{"x":50,"y":43.167157945774285},{"x":60,"y":60.031724254237005},{"x":70,"y":59.80073990444311},{"x":80,"y":70.19548072233863},{"x":90,"y":73.55329450320792},{"x":100,"y":81.91730360119912}],"id":"184f7f","time":17648,"step":14,"userdata":[{"x":0,"y":10.77958442827994},{"x":10,"y":10.253751041534583},{"x":20,"y":17.61541845596966},{"x":30,"y":42.06667093962904},{"x":40,"y":37.86000384566614},{"x":50,"y":46.799171420337316},{"x":60,"y":53.37208875465435},{"x":70,"y":51.79458859441826},{"x":80,"y":63.62583979618893},{"x":90,"y":74.40542422446887},{"x":100,"y":82.29292502564932}]}
{"part":"B","stepID":"diverge-plain-2","metaphor":"diverge","style":"plain","refdata":[{"x":0,"y":90.9356187479451},{"x":10,"y":85.35011423851577},{"x":20,"y":86.17555013380341},{"x":30,"y":80.74562664715555},{"x":40,"y":75.225380690138},{"x":50,"y":77.52230667851366},{"x":60,"y":83.95652852982553},{"x":70,"y":74.40112447790412},{"x":80,"y":78.78362672140406},{"x":90,"y":59.089975397267985},{"x":100,"y":76.46794408311018}],"focusdata":[{"x":0,"y":84.33026375585446},{"x":10,"y":75.29036500173926},{"x":20,"y":71.85778770842252},{"x":30,"y":67.08342988761636},{"x":40,"y":52.79269599244869},{"x":50,"y":48.709948677966125},{"x":60,"y":39.421900599783754},{"x":70,"y":40.24248876982002},{"x":80,"y":17.33545065469534},{"x":90,"y":29.69285768246538},{"x":100,"y":1.0744619805657294}],"id":"184f7f","time":23856,"step":15,"userdata":[{"x":0,"y":87.25614284484905},{"x":10,"y":75.95489542819692},{"x":20,"y":69.38440274409685},{"x":30,"y":56.24341737589669},{"x":40,"y":45.20498966660855},{"x":50,"y":39.16013639723648},{"x":60,"y":33.1152831278644},{"x":70,"y":44.41653054451654},{"x":80,"y":44.94216995924454},{"x":90,"y":35.48066049414043},{"x":100,"y":0.5256394147280111}]}
{"part":"B","stepID":"diverge-arrow-1","metaphor":"diverge","style":"arrow","refdata":[{"x":0,"y":91.25693120247955},{"x":10,"y":89.42831741398996},{"x":20,"y":88.5172212585039},{"x":30,"y":79.37282213930706},{"x":40,"y":79.57933359493143},{"x":50,"y":86.34804493027248},{"x":60,"y":75.92127997798542},{"x":70,"y":82.48151744199268},{"x":80,"y":62.00089983655414},{"x":90,"y":71.95767924209467},{"x":100,"y":79.69645562847853}],"focusdata":[{"x":0,"y":84.04922202806924},{"x":10,"y":72.60433125209771},{"x":20,"y":67.38699267275459},{"x":30,"y":66.85209035863157},{"x":40,"y":61.05884970935703},{"x":50,"y":45.764828302821655},{"x":60,"y":44.129976380956},{"x":70,"y":25.06490304139507},{"x":80,"y":33.675632761728295},{"x":90,"y":17.445273812009678},{"x":100,"y":16.47701785166447}],"id":"184f7f","time":14454,"step":16,"userdata":[{"x":0,"y":95.74065325578056},{"x":10,"y":77.27826833042344},{"x":20,"y":69.89331436028058},{"x":30,"y":63.82710217052037},{"x":40,"y":54.33216135176528},{"x":50,"y":48.00220080592855},{"x":60,"y":43.78222710870406},{"x":70,"y":32.70479615348979},{"x":80,"y":20.836120130045906},{"x":90,"y":18.989881637510194},{"x":100,"y":17.671139857127542}]}
{"part":"B","stepID":"converge-arrow-0","metaphor":"converge","style":"arrow","refdata":[{"x":0,"y":63.140825193317426},{"x":10,"y":78.86971981397589},{"x":20,"y":68.09175351639578},{"x":30,"y":65.41632072531725},{"x":40,"y":75.0350887236608},{"x":50,"y":77.86750775708809},{"x":60,"y":73.55654570266508},{"x":70,"y":79.90728689394608},{"x":80,"y":81.77166721252401},{"x":90,"y":88.03374888705243},{"x":100,"y":87.62027189989057}],"focusdata":[{"x":0,"y":14.6855247053127},{"x":10,"y":8.063709341242209},{"x":20,"y":33.18229394310851},{"x":30,"y":39.18102334467581},{"x":40,"y":34.76949877310313},{"x":50,"y":49.57362366690447},{"x":60,"y":51.20562088505699},{"x":70,"y":62.34439414293999},{"x":80,"y":66.54621004913524},{"x":90,"y":76.15113893272772},{"x":100,"y":82.88581015613838}],"id":"184f7f","time":28504,"step":17,"userdata":[{"x":0,"y":15.520400815347397},{"x":10,"y":0},{"x":20,"y":23.153384822895287},{"x":30,"y":33.076264032707556},{"x":40,"y":40.45481524000386},{"x":50,"y":47.833366447300165},{"x":60,"y":54.70305205409327},{"x":70,"y":61.82717046113798},{"x":80,"y":67.6791248669247},{"x":90,"y":75.56654167472419},{"x":100,"y":84.47168968353007}]}
{"part":"B","stepID":"diverge-plain-1","metaphor":"diverge","style":"plain","refdata":[{"x":0,"y":87.39756411953063},{"x":10,"y":88.65757224601066},{"x":20,"y":85.90299202942835},{"x":30,"y":78.58223558618306},{"x":40,"y":86.78754315020315},{"x":50,"y":82.13018741388605},{"x":60,"y":77.25509255849285},{"x":70,"y":74.43822550015189},{"x":80,"y":72.19468782737694},{"x":90,"y":65.13144317359026},{"x":100,"y":79.75902727990345}],"focusdata":[{"x":0,"y":81.88827980624971},{"x":10,"y":71.65613705039391},{"x":20,"y":67.75112473693827},{"x":30,"y":65.6198414717427},{"x":40,"y":56.59049338064136},{"x":50,"y":52.35796422492322},{"x":60,"y":49.47031262174966},{"x":70,"y":41.02760076822119},{"x":80,"y":17.39470584263623},{"x":90,"y":31.299842468224348},{"x":100,"y":13.871903835732454}],"id":"184f7f","time":22924,"step":18,"userdata":[{"x":0,"y":94.03852316267604},{"x":10,"y":86.35145042458264},{"x":20,"y":75.07707707537897},{"x":30,"y":62.00905342062016},{"x":40,"y":51.50338734522585},{"x":50,"y":40.22901399602218},{"x":60,"y":33.31064853173811},{"x":70,"y":26.904754583326934},{"x":80,"y":19.98638911904287},{"x":90,"y":33.31064853173811},{"x":100,"y":16.14285274999616}]}
{"part":"B","stepID":"cross-animate-0","metaphor":"cross","style":"animate","refdata":[{"x":0,"y":56.40980106819963},{"x":10,"y":53.731613987548535},{"x":20,"y":58.46329218518557},{"x":30,"y":74.11079274824746},{"x":40,"y":67.37302185562598},{"x":50,"y":63.46192208073676},{"x":60,"y":71.79036557652205},{"x":70,"y":67.51241167694025},{"x":80,"y":66.23618528448746},{"x":90,"y":70.11433153908378},{"x":100,"y":69.31711782167912}],"focusdata":[{"x":0,"y":7.97446205403325},{"x":10,"y":34.10790777370758},{"x":20,"y":16.889170475308312},{"x":30,"y":33.80337000962887},{"x":40,"y":41.162124343409076},{"x":50,"y":43.509519159667654},{"x":60,"y":57.40376154784937},{"x":70,"y":59.7553892474862},{"x":80,"y":71.56128689921015},{"x":90,"y":75.4626044233404},{"x":100,"y":79.91458875510062}],"id":"184f7f","time":17071,"step":19,"userdata":[{"x":0,"y":0},{"x":10,"y":31.642481674707476},{"x":20,"y":0},{"x":30,"y":24.020570030434868},{"x":40,"y":33.02828379184795},{"x":50,"y":38.57149226040983},{"x":60,"y":45.73146986563562},{"x":70,"y":51.50564535372092},{"x":80,"y":63.05399632989153},{"x":90,"y":71.59977605225778},{"x":100,"y":83.14812702842839}]}
{"part":"B","stepID":"diverge-arrow-2","metaphor":"diverge","style":"arrow","refdata":[{"x":0,"y":88.63940494085199},{"x":10,"y":84.68234255767759},{"x":20,"y":82.35121978979511},{"x":30,"y":80.89023294153756},{"x":40,"y":72.96851051707903},{"x":50,"y":69.29080723876334},{"x":60,"y":77.36495462368202},{"x":70,"y":67.40760610791627},{"x":80,"y":65.2950511407752},{"x":90,"y":57.44285308704984},{"x":100,"y":72.10495648041305}],"focusdata":[{"x":0,"y":81.42291099978999},{"x":10,"y":78.19968467559936},{"x":20,"y":67.52179158795278},{"x":30,"y":63.0280860828654},{"x":40,"y":60.62287632164015},{"x":50,"y":41.56281800605174},{"x":60,"y":44.72916119478187},{"x":70,"y":45.263825315375506},{"x":80,"y":29.459147286252918},{"x":90,"y":14.95606212960913},{"x":100,"y":1.173316967702437}],"id":"184f7f","time":22220,"step":20,"userdata":[{"x":0,"y":80.44154090007956},{"x":10,"y":68.1447448389209},{"x":20,"y":58.40978129050362},{"x":30,"y":46.881534983167384},{"x":40,"y":37.65893793729839},{"x":50,"y":28.69252414270353},{"x":60,"y":27.155424635058704},{"x":70,"y":33.56000591691217},{"x":80,"y":25.61832512741387},{"x":90,"y":17.16427783536729},{"x":100,"y":2.3056492614672495}]}
{"part":"B","stepID":"converge-animate-1","metaphor":"converge","style":"animate","refdata":[{"x":0,"y":51.38022601352185},{"x":10,"y":66.66509570064133},{"x":20,"y":78.56194069242312},{"x":30,"y":75.88203046681448},{"x":40,"y":85.19358395074633},{"x":50,"y":70.80054747093408},{"x":60,"y":81.13634607090236},{"x":70,"y":77.48997513472887},{"x":80,"y":80.3469707591051},{"x":90,"y":89.95129109419945},{"x":100,"y":89.17395524118804}],"focusdata":[{"x":0,"y":14.840386688890812},{"x":10,"y":9.484906824059376},{"x":20,"y":37.457635928148015},{"x":30,"y":32.031665230717664},{"x":40,"y":39.07375275040171},{"x":50,"y":56.81770455879217},{"x":60,"y":55.20941629049704},{"x":70,"y":67.63498487781897},{"x":80,"y":69.83607826646885},{"x":90,"y":74.47077709910168},{"x":100,"y":83.59254439367287}],"id":"184f7f","time":29533,"step":23,"userdata":[{"x":0,"y":22.617810188425867},{"x":10,"y":0},{"x":20,"y":33.7967278677628},{"x":30,"y":40.556073441315355},{"x":40,"y":45.23562037685175},{"x":50,"y":44.455695887595674},{"x":60,"y":54.334739418172504},{"x":70,"y":63.43385845949325},{"x":80,"y":61.09408499172507},{"x":90,"y":69.67325437354177},{"x":100,"y":85.7916938181671}]}
{"part":"B","stepID":"diverge-animate-2","metaphor":"diverge","style":"animate","refdata":[{"x":0,"y":87.55824652702648},{"x":10,"y":89.27561601326099},{"x":20,"y":85.03696835206688},{"x":30,"y":80.37340372795819},{"x":40,"y":86.471581258854},{"x":50,"y":82.88962764073598},{"x":60,"y":83.82540206495688},{"x":70,"y":74.03932017413952},{"x":80,"y":80.92713442828682},{"x":90,"y":71.17387620215396},{"x":100,"y":73.6123909145738}],"focusdata":[{"x":0,"y":81.89883928621052},{"x":10,"y":78.38256044655478},{"x":20,"y":72.02203112250625},{"x":30,"y":67.18887822477879},{"x":40,"y":47.864948115359134},{"x":50,"y":52.687814343484305},{"x":60,"y":51.45777818306361},{"x":70,"y":28.01612651529178},{"x":80,"y":36.56297034576296},{"x":90,"y":11.946035399611851},{"x":100,"y":0.2505898543819711}],"id":"184f7f","time":43314,"step":24,"userdata":[{"x":0,"y":86.69539589727079},{"x":10,"y":72.50418525932467},{"x":20,"y":59.86110669097268},{"x":30,"y":51.088358296605996},{"x":40,"y":46.96000611102168},{"x":50,"y":38.96132375145205},{"x":60,"y":47.2180281226207},{"x":70,"y":34.574949554268706},{"x":80,"y":42.31560990223931},{"x":90,"y":33.2848394962736},{"x":100,"y":22.963959032312797}]}
{"part":"B","stepID":"diverge-animate-0","metaphor":"diverge","style":"animate","refdata":[{"x":0,"y":89.5719725789491},{"x":10,"y":85.95084353233477},{"x":20,"y":87.007400718022},{"x":30,"y":79.36170481197514},{"x":40,"y":76.88298092299158},{"x":50,"y":85.39040209014891},{"x":60,"y":76.10365359289322},{"x":70,"y":65.8721115597607},{"x":80,"y":72.36552310419684},{"x":90,"y":57.4042046816089},{"x":100,"y":76.71762079567209}],"focusdata":[{"x":0,"y":82.30283431344307},{"x":10,"y":76.14275917643585},{"x":20,"y":68.24408280739573},{"x":30,"y":65.37014358070866},{"x":40,"y":49.586370091307295},{"x":50,"y":43.93791623746465},{"x":60,"y":39.84128870183439},{"x":70,"y":45.2732763636202},{"x":80,"y":27.09463251062144},{"x":90,"y":33.56792988293628},{"x":100,"y":6.202321804551929}],"id":"184f7f","time":26199,"step":25,"userdata":[{"x":0,"y":90.34860817934461},{"x":10,"y":82.06449510845916},{"x":20,"y":61.095333897780314},{"x":30,"y":66.53178310054889},{"x":40,"y":67.56729723440958},{"x":50,"y":50.74019255917349},{"x":60,"y":45.56262188987006},{"x":70,"y":49.44579989184763},{"x":80,"y":36.760751752054254},{"x":90,"y":28.47663868116879},{"x":100,"y":15.273833474445079}]}
{"part":"B","stepID":"converge-plain-1","metaphor":"converge","style":"plain","refdata":[{"x":0,"y":52.45541403182859},{"x":10,"y":74.29553169328823},{"x":20,"y":71.3015876967813},{"x":30,"y":78.48012242670674},{"x":40,"y":79.62128092358809},{"x":50,"y":77.50449032180452},{"x":60,"y":72.91211292463612},{"x":70,"y":83.86591468593159},{"x":80,"y":81.6699110068845},{"x":90,"y":89.78134140632517},{"x":100,"y":87.64887969811623}],"focusdata":[{"x":0,"y":2.256216532085766},{"x":10,"y":9.661117815963397},{"x":20,"y":30.35169120140128},{"x":30,"y":36.13889562218491},{"x":40,"y":51.53366079860909},{"x":50,"y":49.81105346600863},{"x":60,"y":60.56648642754664},{"x":70,"y":62.67101447420793},{"x":80,"y":65.2246193253614},{"x":90,"y":77.93516110134765},{"x":100,"y":80.96062758805365}],"id":"184f7f","time":15276,"step":26,"userdata":[{"x":0,"y":0},{"x":10,"y":8.822443953222704},{"x":20,"y":46.707056222943734},{"x":30,"y":33.99235758447571},{"x":40,"y":55.529500176166444},{"x":50,"y":62.535558609607996},{"x":60,"y":54.23208194775133},{"x":70,"y":67.20626423190237},{"x":80,"y":73.69335537397788},{"x":90,"y":77.32612641354018},{"x":100,"y":92.89514515452143}]}
{"part":"B","stepID":"cross-plain-1","metaphor":"cross","style":"plain","refdata":[{"x":0,"y":80.79321331253189},{"x":10,"y":69.81174305555405},{"x":20,"y":70.03395209504592},{"x":30,"y":78.49414533435439},{"x":40,"y":72.4578925026849},{"x":50,"y":69.75986657943008},{"x":60,"y":73.8110809991665},{"x":70,"y":74.59261123701138},{"x":80,"y":73.30974805771788},{"x":90,"y":68.78703571440529},{"x":100,"y":71.95197729780416}],"focusdata":[{"x":0,"y":7.849727377169284},{"x":10,"y":8.629974742312779},{"x":20,"y":40.561581338851575},{"x":30,"y":28.646261288587734},{"x":40,"y":44.80605740484102},{"x":50,"y":56.21676214447812},{"x":60,"y":60.15040669150406},{"x":70,"y":62.72144322422283},{"x":80,"y":65.54302276391076},{"x":90,"y":75.64745380630637},{"x":100,"y":80.3133363390074}],"id":"184f7f","time":16680,"step":27,"userdata":[{"x":0,"y":10.974800652280345},{"x":10,"y":31.75686997255589},{"x":20,"y":42.03115143426515},{"x":30,"y":22.18310770141771},{"x":40,"y":36.42699790969646},{"x":50,"y":44.59972179969246},{"x":60,"y":54.40699046768766},{"x":70,"y":61.64568877025555},{"x":80,"y":68.41737427910938},{"x":90,"y":75.42256618482023},{"x":100,"y":75.65607258167726}]}
{"part":"B","stepID":"diverge-arrow-0","metaphor":"diverge","style":"arrow","refdata":[{"x":0,"y":88.61358873890839},{"x":10,"y":85.49413662228368},{"x":20,"y":88.92026845028964},{"x":30,"y":82.57483723557083},{"x":40,"y":78.68399330029641},{"x":50,"y":79.67113528733995},{"x":60,"y":83.23577100266343},{"x":70,"y":66.27734903778324},{"x":80,"y":75.63154990568502},{"x":90,"y":54.734629975107815},{"x":100,"y":73.84161864380488}],"focusdata":[{"x":0,"y":82.81946824992183},{"x":10,"y":78.30290633856067},{"x":20,"y":73.08556422976102},{"x":30,"y":56.6600499479322},{"x":40,"y":57.98776958918616},{"x":50,"y":49.086219839713536},{"x":60,"y":40.87265370276777},{"x":70,"y":39.14506549345184},{"x":80,"y":36.62952359437031},{"x":90,"y":34.73946300912544},{"x":100,"y":1.4890543374151441}],"id":"184f7f","time":20887,"step":28,"userdata":[{"x":0,"y":89.94824843237393},{"x":10,"y":61.42180392953533},{"x":20,"y":63.99175388474601},{"x":30,"y":51.65599409973474},{"x":40,"y":44.20313922962375},{"x":50,"y":39.32023431472346},{"x":60,"y":46.2590991937923},{"x":70,"y":40.348214296807726},{"x":80,"y":43.946144234102675},{"x":90,"y":37.00727935503384},{"x":100,"y":0}]}
{"part":"B","stepID":"cross-arrow-1","metaphor":"cross","style":"arrow","refdata":[{"x":0,"y":55.68896459864082},{"x":10,"y":55.34230209415512},{"x":20,"y":60.093527705769674},{"x":30,"y":74.36643781888205},{"x":40,"y":73.07959783763621},{"x":50,"y":71.53086690493889},{"x":60,"y":61.91270867069026},{"x":70,"y":73.66126400199475},{"x":80,"y":71.95528726179296},{"x":90,"y":69.72697027641635},{"x":100,"y":70.65307514321012}],"focusdata":[{"x":0,"y":19.05652808683913},{"x":10,"y":27.640813690941783},{"x":20,"y":28.193316164683132},{"x":30,"y":27.86118563924061},{"x":40,"y":38.01984036869942},{"x":50,"y":47.03733465213846},{"x":60,"y":55.534428690314165},{"x":70,"y":67.73702042546175},{"x":80,"y":65.78731716998864},{"x":90,"y":74.91073364686514},{"x":100,"y":81.33360617860144}],"id":"184f7f","time":19261,"step":29,"userdata":[{"x":0,"y":19.745730979776074},{"x":10,"y":27.032845984217246},{"x":20,"y":32.909551632960124},{"x":30,"y":21.626276787373794},{"x":40,"y":29.61859646966411},{"x":50,"y":35.02516566650756},{"x":60,"y":41.13693954120016},{"x":70,"y":47.71884986779218},{"x":80,"y":51.00980503108819},{"x":90,"y":56.65144245388135},{"x":100,"y":68.1697855254174}]}
